category	labels	no	body
fact	1		韓国軍合同参謀本部は19日、北朝鮮が18日夜から19日午後にかけて、南北軍事境界線の近くで、日本海と黄海に向けて砲撃を行ったと発表した。
fact	1		2018年の南北軍事合意で砲撃が禁じられた区域に着弾したが、韓国領海への着弾はなかった。
fact	1		これに対し、北朝鮮の朝鮮人民軍総参謀部の報道官は19日、砲撃の理由について、「敵（韓国軍）は軍事境界線一帯で、我々を刺激する軍事的挑発を再び行い、放射砲を発射した」などと述べ、韓国軍の砲撃に対する威嚇・警告措置だったと主張した。
fact	1		神奈川県弁護士会は１８日、刑務所で被収容者に閉居罰の受罰姿勢として正座やあぐらを強制することは、体罰と同様の苦痛を与えることで違法だとして、中止するよう横浜刑務所に勧告したと発表した。
fact	1		その日のうちに、渡辺容疑者を、被害男性に対する監禁の疑いで、緊急逮捕した。
fact	1		医療事故を巡っては、再発を防ぐための制度が２０１５年に創設された。
fact	1		現場で予期しない患者の死亡があった場合、厚生労働省所管の「医療事故調査・支援センター」に報告し、医療機関が自ら調査する仕組みだ。
fact	1		この１年間で制度が活用された件数は過去最少の２７７件となった。
fact	1		コロナ禍による受診控えの影響があるとはいえ、当初より１００件以上減っている。
fact	1		医療関係者からも「実態を反映していない」との指摘が出ている。
fact	1		ただ、調査が医師や看護師の責任追及につながりかねないとして医療界が反発したこともあり、報告するかどうかの判断は、医療機関側の裁量に任されている。
fact	1		大阪府内の病院で１９年、入院中の男性が頭を打ち、脳に障害を負って死亡したケースでは、遺族が原因究明を求めたにもかかわらず、病院は調査をしなかった。
fact	1		男子生徒は私服で、ホームに置かれたリュックには学校名が書かれた身分証が入っていた。
fact	1		２０２３年３月期の連結業績が１８５億円の最終赤字に転落する見通しになったと発表した。
fact	1		新型コロナウイルス感染拡大前の２０１９年同月と比べると９０．９％減で、依然として低水準だった。
fact	1		病院はその後、医療事故として報告した。
fact	1		患者の死から１年８か月がたっていた。
fact	1		「Prime Day」を開催しているが、こうして大型セールを年2回開催するのは今年が初めてだった。
fact	1		セール開催発表後1週間におけるツイッターでの言及回数は7月のイベントに比べ90％少なかったと報告した。
fact	1		５年に１度の中国共産党大会が開幕した。
fact	1		自転車の交通違反による事故が相次いでいることから、警視庁が今月下旬にも特に悪質で危険な違反に対して積極的な取り締まりに乗り出す方針を固めたことがわかりました。
fact	1		出場試合数は2試合に留まっており、いずれも後半アディショナルタイムからの出場だった。
fact	1		自らの出番の少なさについて言及している。
fact	1		セルティックは11月12日の第16節ロス・カウンティ戦後の次戦は12月17日の第17節アバディーン戦となっている。
fact	1		去年起きた交通事故のうち43.6%が自転車が関係していて、さらに死亡・重傷事故では78%余りで自転車側に交通違反があったということです。
fact	1		FWクリスティアーノ・ロナウドの危険性について言及した。
fact	1		だが、成長に伴う貧富の格差拡大や、極端な感染症対策による経済の伸び悩みは、明確に数字に表れている。
fact	1		今シーズンのプレミアリーグで無敗を継続していた”ライバル”を撃破し、CL第4節レンジャーズ戦（7－1○）に続く公式戦連勝を飾った。
fact	1		宇宙航空研究開発機構（ＪＡＸＡ）の固体燃料ロケット「イプシロン」６号機の打ち上げが失敗に終わった。
fact	1		そのフラナガンは19日、29歳の若さで現役を退く意向をSNSで表明した。
fact	1		警察は18日にバスのメーカーと車両を検証し、ブレーキの部品に焼け焦げた跡が見つかったことがわかりました。
fact	1		交通切符を交付されると、検察庁に送られて刑事罰の対象として扱われるうえ、3年以内に2回以上繰り返し取り締まりを受けたり、検挙されたりした場合は講習の受講が義務づけられています。
fact	1		太ももの骨を折るなど全治3カ月の重傷を負わせたとして、25歳の父親を逮捕しました。
fact	1		逮捕されたのは奈良県御所市のとび職・南畑優冶容疑者(25)です。
fact	1		児童相談所から警察への通報で事件が発覚したということです。
fact	1		富山市奥田本町のチューリップテレビ付近の用水路で大量の1万円札が見つかったのはことし7月19日でした。富山市奥田本町のチューリップテレビ付近の用水路で大量の1万円札が見つかったのはことし7月19日でした。
fact	1		警察も加わり用水路を200メートルにわたって調べると、その後も1万円札が次々と見つかりました。
fact	1		チューリップテレビの調べでは2日間であわせて85枚の1万円札が用水路から見つかりました。
fact	1		誰のものでどこから流れてきたのか、1万札を見つけたチューリップテレビの記者は、用水路の上流をさかのぼり調べましたが、手がかりは掴めませんでした。
fact	1		発見から3か月を経て1万円札を届け出た人に、警察から「拾得物件返還通知案内書」が届きました。
fact	1		友人たちがレカビ選手と連絡が取れず、代表チームは出発予定日2日前の17日にソウルの宿泊所をたったと伝えた。
fact	1		会長から携帯電話とパスポートを渡すことを条件にイランへの安全な渡航を約束されたと報じた。
fact	1		原作・脚本はドラマ『アンフェア』（フジ系）の原作者・秦建日子氏。監督は本仮屋主演のドラマ『片恋グルメ日記』（TOKYO MX）の平林克理氏である。
fact	1		本仮屋は姉の役だった。
fact	1		監督は8月末に脚本を書き直したのだが、新たな問題が発生した。
fact	1		本仮屋やスタッフで、Zoomによる打ち合わせが行われた
fact	1		真っ黒な日焼けのみならず、目の周りを白くメークし羽根飾りを付けるなどの奇抜なファッションで注目を集めた。
fact	1		今年6月に第2子妊娠を発表した。
fact	1		申し訳ございませんでした」と頭を下げた。
fact	1		このような事実に基づかない発言をテレビでしてしまったということ、それは私の慢心とおごりがあったからだと反省致しました。
fact	1		今後、このような形で仕事を続けて参りますが、ご支援のほどよろしくお願い致します」と言って再び頭を下げた。
fact	1		申し訳ございませんでした」と、深々と頭を下げた。
fact	1		その結果はこの『羽鳥慎一モーニングショー』でお伝えするという考えにいたりました」と番組出演は続ける考えを明かした。
fact	1		その上で「当然これ、電通が入ってますからね」と指摘した。
fact	1		番組責任者もけん責処分とした。
fact	1		ナムグン・フン共同最高経営責任者（ＣＥＯ）が辞任したことを明らかにした。
fact	1		通信障害はソウル近郊のデータセンターで１５日に火災が起きたことを受けて発生。
fact	1		タクシー運賃の支払いやレストランの予約などさまざまなサービスに支障が出ている。
fact	1		単一のアプリに国民の多くが依存する状況を疑問視する声も出ている。
fact	1		中小企業団体によると、今回の通信障害で５００社以上の中小企業が売り上げ落ち込みを訴えている。
fact	1		「ストレンジャー・シングス」などのヒット作が貢献し、予想の100万人増を大きく上回った。
fact	1		地域別では、アジアが特に好調だった。米ウォルト・ディズニーやアップルとの競争が激しい北米でもプラスだった。
fact	1		北朝鮮は14日にも、韓国軍が南北軍事境界線の近くで挑発的な砲撃訓練を実施したと主張して、日本海や黄海に向けて計560発以上の砲撃を実施した。
fact	1		北朝鮮は5月、新浦沖でSLBMとみられる短距離弾道ミサイルを発射。
fact	1		柔道の世界選手権最終日は13日、タシケントで混合団体が行われ、日本は決勝でフランスを4―2で下し、5連覇を達成した。
fact	1		静岡県小山町須走の県道で、大型観光バスが横転した事故では、乗客の枝川恵美子さん（74）が死亡しました。
fact	1		「利便性が高まる」。河野太郎デジタル相は１３日の記者会見で「マイナ保険証」への切り替えを発表し、そのメリットを強調した。
fact	1		米労働省が13日発表した9月の消費者物価指数（CPI）は前年同月より8.2％上昇した。
fact	1		変動が激しいエネルギーと食品を除いたコア指数は6.6％上がり、伸び率は1982年8月（7.1％）以来、40年1カ月ぶりの大きさとなった。
fact	1		9月の品目別では、ガソリンが18.2％、食品は11.2％上がった。
fact	1		警察などによりますと、この事故で普通乗用車の運転手が意識不明の重体となっていましたが、事故から約４時間後に死亡が確認されました。
fact	1		この影響で名神高速道路上り線の彦根インターチェンジから関ケ原インターチェンジの間が一時、通行止めとなりました。
fact	1		滋賀県米原市の名神高速道路上り線で１３日、路肩で作業中の重機に普通乗用車が突っ込み火災が発生した事故で、意識不明の重体となっていた車の運転手の死亡が確認されました。
fact	1		奈良市に本部のある市民生協「ならコープ」は１３日、商品の受発注や決済のシステムに障害が発生し、共同購入の注文や配達ができなくなったと発表した。
fact	1		しかし、約500人が予約にしたにもかかわらず、観覧席に入れないトラブルが起きていた。
fact	1		キーウ州のクレバ知事は１３日、州内の集落がイラン製ドローンの攻撃を受けたとテレグラムで発表。
fact	1		特殊詐欺グループがだまし取った「WebMoney」などの電子マネーを、売買仲介サイトで換金し、マネーロンダリングしていた疑いで、IP電話レンタル会社の実質的経営者の男ら4人が、警視庁に逮捕された。
fact	1		広島地検呉支部はこの男性について、今月１１日付けで不起訴処分としました。
fact	1		頭髪を隠すスカーフの着用が不適切として拘束された女性が死亡した問題に端を発したイランの抗議デモは、弾圧が激化する中で１２日も続いた。
fact	1		ロイターはこれらの動画の信憑性を独自に確認できていない。
fact	1		ノルウェーに拠点を置く人権団体イラン・ヒューマン・ライツ（ＩＨＲ）は、今回の抗議運動による民間人死者は少なくとも２０１人に達しており、このうち２３人が未成年者とした。
fact	1		13日の東京株式市場の日経平均株価（225種）は4営業日続落した。
fact	1		生徒側は兵庫県警に被害届を提出した。
fact	1		島のラパヌイ国立公園はユネスコの世界遺産に登録されている。
fact	1		同校は男性教諭の懲戒解雇とともに、運動部顧問は日本スポーツ協会公認スポーツ指導者資格を取得するなどの再発防止策を公表した。
fact	1		チームは2014年以来となるポストシーズン進出を果たせなかった。
fact	1		これはアストロズ相手に奪った三振数としては最多。
fact	1		ギルバートはレギュラーシーズンでアストロズ相手に22奪三振。
fact	1		両社による第１弾のＥＶを、２０２５年前半から受注を始めると発表した。
fact	1		２６年春に北米で、２６年後半に日本での納車を目指す。
fact	1		通園バスに女児が置き去りにされ、熱中症で死亡した静岡県牧之原市の認定こども園「川崎幼稚園」に対し、県が認定こども園法に基づき改善勧告を出す方針を固めたことが13日、関係者への取材で分かった。
fact	1		9月9日から実施している特別監査の結果、バスの運行体制や園児の出欠確認方法に不備があったと判断した。
fact	1		岸田文雄首相は１２日、首相官邸で電力業界のトップと会談し、支援策の仕組みづくりへの協力を要請。
fact	1		電気料金は今年５月までの１年間で家庭用は約２割、企業用は約３割上昇。
fact	1		米連邦準備制度理事会（ＦＲＢ）は１２日、９月２０、２１日に行われた連邦公開市場委員会（ＦＯＭＣ）の議事要旨を公表した。
fact	1		日本銀行が１３日発表した９月の国内企業物価指数（２０２０年平均＝１００、速報値）は１１６・３で、前年同月比９・７％上昇した。
fact	1		読売新聞社は、１５日からの新聞週間に合わせ、新聞やインターネットなどメディア全般に関する全国世論調査（郵送方式）を実施した。
fact	1		ニュースを知るために主に利用するメディア（複数回答）で、新聞を選んだ人は５０％だった。
fact	1		最も多かったのは「民放テレビ」の６３％で、次いで「ＮＨＫテレビ」「ニュースを集めたポータルサイトやニュースアプリ（ヤフーニュースなど）」の各５１％だった。
fact	1		立川〜西立川駅間で発生した人身事故の影響で、青梅線は立川〜青梅駅間の下り線(青梅方面行)の運転を見合わせていましたが、07:30現在、運転を再開しています。
fact	1		IAEA=国際原子力機関のグロッシ事務局長は12日、ウクライナ南部のザポリージャ原発が外部電源を一時、失ったと明らかにしました。
fact	1		パリ市は今回、公園や広場にパブリックビューイングのために巨大スクリーンと音響設備、さらに仮設の観客席を設置しないことを明らかにした。
fact	1		これまではパリ4区にあるセーヌ川に面したパリ市庁舎前の広場やエッフェル塔の横にあるシャン・ド・マルス公園に設置されていた。
fact	1		フランス第2の都市リヨンも10月5日朝、パブリックビューイング会場の設置を市として行わないことを発表。
fact	1		またマルセイユ、ボルドー、ストラスブール、ランスなどもパブリックビューイングの会場設置を見送ることを決めた。
fact	1		朝鮮中央通信は１３日、北朝鮮が１２日に「長距離戦略巡航ミサイル」２発の試験発射を行ったと報じた。
fact	1		循環取引の手口で、商社から2億円以上をだまし取った疑いで、元社員が逮捕された。
fact	1		日米欧の先進７カ国（Ｇ７）は１２日、財務相・中央銀行総裁会議を米ワシントンで開いた。
fact	1		米財務省が公表した同会議の声明は、ロシアによるウクライナ侵攻などを受け、多くの国の通貨が著しく変動していることへの懸念を表明。
fact	1		「世界平和統一家庭連合」いわゆる“統一教会”をめぐり、元2世信者の記者会見を行っている最中に、教団側が「精神に異常をきたしている」など中止を求める文書を送っていました。
fact	1		日本自動車連盟（ＪＡＦ）と警察庁は１４日、チャイルドシートの使用状況の調査結果を発表した。
fact	1		米政権がロシア製アルミニウム輸入の制限を検討していることが１２日、関係筋の話で分かった。
fact	1		ウクライナ各地では１０━１１日、ロシアのミサイル攻撃を受け、民間人の死傷者が出たほか、電力や水、暖房などのインフラが一部破壊された。
fact	1		ホワイトハウス高官はブルームバーグの報道について「われわれは常にあらゆる選択肢を検討している。現時点でアルミ禁輸に関する動きはない」とコメントした。
fact	1		報道を受け、ロンドン金属取引所（ＬＭＥ）ではアルミ価格が一時７．３％高の１トン２４００ドルまで急騰した。
fact	1		日本放送協会(NHK)は11日、テレビを設置しながら期限までに受信契約の申し込みをしなかった場合などに徴収できる割増金制度を記した規約素案を公表した。
fact	1		素案では、受信契約申込み期限を“受信機設置月の翌々月末日まで”、割増金の倍数を“2倍”と設定し、2023年4月からの運用目標が示された。
fact	1		受信機の設置の翌々月の末日までに、正当な理由なく受信契約をしない場合は、所定の受信料の2倍に相当する額の割増金を請求できると定めた。
fact	1		翌々月末日という設定について、素案では「2〜3か月の申込期間があれば視聴者からNHKに対し十分に受信契約を申込みいただくことができ、NHKからも申込みを促す等の必要な案内が可能」と記載。
fact	1		今回のこの申込み期限は、すでに「地上契約」を結んでいて、新たに衛星放送の受信設備を設置した場合も同様に適用する、としている。
fact	1		なお、今回の変更規約の施行“以前”の受信機設置者の割増金の取扱いについても記載。
fact	1		契約申込み期限は「変更後の受信規約施行日の翌々月末日まで」、割増金請求期間は「変更後の受信規約施行後の期間分」とした。
fact	1		なお、法改正時の付帯決議(抜粋)においても、「協会は、受信契約の締結に応じない者を対象とする割増金制度について、まず受信契約についての理解を得るため最大限努力し、真にやむを得ない場合にのみ割増金の徴収を行なうこと」と記されている。
fact	1		立憲民主党と日本維新の会は12日、いわゆる統一教会の被害者らを対象とした「救済法案」の内容で大筋合意し、今月17日にも、共同で国会に提出することになりました。
fact	1		14日午後8時45分ごろ、三重県桑名市の伊勢湾岸自動車道上り線で、複数の車両が絡む事故があったと110番があった。
fact	1		合わせて「アウディ R8」をベース車に製作したラッピングカーも展示される。
fact	1		10月初旬にマイナス0.5等前後だった明るさは、下旬にはマイナス1.2等になり、ひときわ目をひく赤い輝きを放っています。
fact	1		これが外惑星の「逆行」です。
fact	1		英国のトラス首相は14日、クワーテング財務相を解任した。
fact	1		後任の財務相には日本通のハント元外相が任命された。
fact	1		トラス氏は14日に記者会見し、大型減税策のうち、法人税率引き上げの凍結方針を取りやめると発表した。
fact	1		神戸空港は、１４日午後８時過ぎから全ての空港の滑走路を、一時閉鎖しました。
fact	1		神戸空港は、午後９時１０分に全面再開しています。
fact	1		北海道での女子大生遺体遺棄事件で、逮捕された男が「自殺願望のある人たちと、SNSでやりとりしていた」と、供述していることがわかった。
fact	1		無職の小野勇容疑者(53)は、札幌市で、女子大生の瀬川結菜さん(22)の遺体を遺棄した疑いで逮捕された。
fact	1		海上保安庁は14日、高橋さんは人命救助の最中に事故に巻き込まれたと発表した。
fact	1		その2日後、沖縄県名護市の沖合300メートルほど離れたところで、浮いている高橋さんを発見。同日死亡が確認された。
fact	1		同本部はこれらの情報を基に調査。
fact	1		米軍の準機関紙『Stars and Stripes』が、同県の人気ダイビングスポットで離岸流により溺れていた3人を救出した米陸軍将校の記事を掲載。
fact	1		高橋さんは1986年に連載デビューし、代表作となった『遊☆戯☆王』は『週刊少年ジャンプ』で1996年9月から2004年3月まで連載。
fact	1		熱帯から温帯に分布し、国際自然保護連合（ＩＵＣＮ）の絶滅危惧Ⅱ類に分類されているオサガメの死骸が北海道根室市郊外の河口に漂着した。
fact	1		打ち上げられたのは１０月９日。漬物石を取りに来た市内の男性が見つけた。
fact	1		イスラム教を国教とするイランでは、女性にヘジャブと呼ぶスカーフで頭髪を覆うことを義務付けている。
fact	1		米国のトランプ前政権が2018年にイラン核合意から離脱し、対イラン制裁を復活させた。
fact	1		国際社会も反発を強めている。
fact	1		イスラム教を国教とするイランでは、女性にヘジャブと呼ぶスカーフで頭髪を覆うことを義務付けている。
fact	1		暴行を疑う市民らの抗議デモが広がり、治安部隊との衝突で死者も増えている。
fact	1		イランで頭髪を覆うスカーフの着用をめぐって当局に拘束された女性が急死した。
fact	1		人口減少は既に始まっている。
fact	1		習氏は今回、新たな発展モデルとして「中国式現代化」を打ち出した。
fact	1		新築住宅の販売面積は前年に比べ2～4割も減る異常事態が続いた。
fact	1		日立製作所はAIをつかってインフルエンザの流行を予想する「感染症予報」を始めた。
fact	1		そこで風量などから送電線ネットワークの時々刻々の温度変化を推計し、流せる電流の上限値を正確に把握できるようにした。
fact	1		送電線は温度によって流せる電流の大きさが規定される。
fact	1		例えば富士通は中国電力と共同で進める送電線の温度データを収集する技術を披露した。
fact	1		3年ぶりのリアル開催となる日本最大級のIT見本市「シーテック2022」が千葉市で始まり、ヘルスケアや環境、生産性の向上に役立つ技術や解決手法が提示された。
fact	1		使用率は７４・５％（前回比４・０ポイント増）で過去最高となり、京都は７３・３％（同１０・２ポイント増）、滋賀は７６・０％（同１６・０ポイント増）だった。
fact	1		第２次安倍政権下での教団の名称変更の経緯も未解明だ。
fact	1		調査は、道交法でチャイルドシートの使用が義務付けられている６歳未満の子どもを対象に、４〜６月に全国で実施した。
fact	1		世界平和統一家庭連合（旧統一教会）への「調査」を実施するよう担当大臣に指示した。
fact	1		宗教法人法に基づく「報告徴収・質問権」の初の行使に踏み出し、被害者救済法案の今国会提出も表明した。
fact	1		審議会でも、慎重派委員から「国民各層とのコミュニケーション、結果ありきでないオープンな議論が必要」との意見が出た。
fact	1		原発に懐疑的な視点から意見を述べる人はごく一部しかいない。
fact	1		委員の多くは、原子力研究者や電力業界と関わりが深い有識者、経済人だ。
fact	1		審議会の議題と人選は経産省が決めている。
fact	1		ところが、岸田首相は８月、再稼働の加速、運転期間の延長、新型炉建設の検討を指示した。
fact	1		政府はこれまで、１１年前の福島第一原発事故の教訓を踏まえて、原発は「可能な限り依存度を低減する」としてきた。
fact	1		国家が開発を主導していた時代と比べ、開発のスピードも速い。
fact	1		宇宙開発は民間の参入で低コスト化が進んでいる。
fact	1		２号機以降は、運用がＪＡＸＡから民間のＩＨＩエアロスペース社に移管される。
fact	1		２３年度には、イプシロンの後継機「イプシロンＳ」初号機の打ち上げが予定されている。
fact	1		Ｈ２Ａの後継となる「Ｈ３」も開発が遅れている。
fact	1		日本の基幹ロケットの打ち上げ失敗は、２００３年のＨ２Ａ６号機以来だ。
fact	1		世界で人工衛星の打ち上げ市場を席巻している米新興企業スペースＸも、度重なる打ち上げ失敗を乗り越えて現在に至っている。
fact	1		ただ、歴史的に見ても、宇宙開発に失敗はつきものだ。
fact	1		近年、多数の小型衛星を打ち上げ、通信や地上観測に使う需要が増している。
fact	1		イプシロンは今回、初めて商業衛星の打ち上げを受注した。
fact	1		鹿児島県から打ち上げられた６号機は、打ち上げの数分後、２段目と３段目の切り離し前に予定のコースを外れたため、地上からの指令で破壊された。
fact	1		搭載していた新興企業や大学の小型人工衛星８基も失われた。
fact	1		使用率は過半数を下回っていた２０００年代前半から上昇傾向にあり、今回はコロナ禍前の２０１９年の前回調査から４・０ポイント増えて７４・５％になった。
fact	1		全国８地域を対象にチャイルドシートの取り付け状況や着座状況も調査。
fact	1		ＪＡＦ京都支部や滋賀支部などは、チャイルドシートの使い方を学ぶ講習会を定期的に開いている。
fact	1		北朝鮮当局の下部組織とされるハッカー集団「ラザルス」が日本国内の暗号資産（仮想通貨）交換業者にサイバー攻撃をしているとして、取引に関わる個人や交換業者に注意喚起した。
fact	1		国内業者の被害が確認され、警察庁サイバー警察局などが調査した結果、ラザルスの関与が判明した。
fact	1		4月にサイバー警察局が発足後、実施は初めて。
fact	1		14年ぶりに亀山薫(寺脇康文)が復帰したドラマ『相棒21』(テレビ朝日)が、10月12日にスタートしました。
fact	1		13日夕方、沖縄県竹富町の小浜島沖で、マリンスポーツのSUP(スタンドアップパドルボード)に乗っていた女性が沖に流され、およそ14時間後、40キロほど離れた海上で救助されました。
fact	1		石垣海上保安部によりますと、13日午後6時頃、小浜島の海岸付近で、「SUP」に乗っていた大阪府の27歳の夫婦と、ツアーガイドの19歳の男性が強風で沖に流されました。
fact	1		14時間近くたった14日午前7時40分ごろ、小浜島からおよそ40キロ離れた海上で、SUPに乗って漂流していた女性を発見し、ヘリコプターでつり上げて救助しました。
fact	1		欧州連合の外相に当たるジョセップ・ボレル外交安全保障上級代表は13日、ロシアのウラジーミル・プーチン大統領がウクライナに核兵器を使用すれば、欧米の軍事的対応によってロシア軍は「壊滅」すると警告した。
fact	1		外食需要の喚起策「Go Toイート」事業をめぐって、東京都で、今月26日から、食事券の販売が再開されることが分かった。
fact	1		小池知事が、午後2時からの定例会見で明らかにした。
fact	1		「Go Toイート」は、新型コロナウイルスの影響で、売り上げた落ち込んだ外食産業を支援する、農林水産省の事業。食事券を購入すると、その額に25％が上乗せされた分を利用することができる。
fact	1		しかし、コロナの感染拡大に伴い、東京都では、2020年11月27日から、食事券の販売･利用が中断されていた。
fact	1		東京都では、今月20日から、観光支援策の「全国旅行支援」=「ただいま東京プラス」をスタートさせる予定で、都民割とも併用可能となっている。
fact	1		消費者庁は１４日、「日本アムウェイ合同会社」（東京都渋谷区）に対し、連鎖販売取引（マルチ商法）について社名や目的を言わずに勧誘したことなどが特定商取引法違反に当たるとして、６カ月の取引停止命令と、再発防止策を講じることなどを求める「指示処分」を出した。
fact	1		同社への行政処分は初めて。
fact	1		消費者庁は１４日、「日本アムウェイ合同会社」（東京都渋谷区）に対し、連鎖販売取引（マルチ商法）について社名や目的を言わずに勧誘したことなどが特定商取引法違反に当たるとして、６カ月の取引停止命令と、再発防止策を講じることなどを求める「指示処分」を出した。
fact	1		円安水準を更新する円相場について解説した。
fact	1		円安に歯止めがかからなくなっている。
fact	1		政府は九月二十二日、急激な円安を防ぐため二十四年ぶりに円買い・ドル売り介入を実施した。
fact	1		ところが日銀の黒田東彦総裁が円安に拍車をかける金融緩和を「当面続ける」と再三発言している。
fact	1		確かに二〇一三年以降の大規模金融緩和は雇用と株価を支えた。
fact	1		しかし企業業績が上向いて賃上げが実施され消費が伸びるという好循環は起きなかった。
fact	1		岸田文雄首相は輸出関連の中小企業を支援する姿勢を打ち出した。
fact	1		帝国データバンクの調査では、本年度上半期の物価高倒産が過去最多を記録した。
fact	1		ドル建ての借金が多い途上国はドル高騰のダメージが極めて大きい。
fact	1		「一票の格差」が最大三・〇三倍だった七月の参院選について、大阪高裁は「違憲状態」と判断した。
fact	1		憲法前文では「国民は国会議員を通じて行動する」旨の代表民主制が規定されている。
fact	1		七月の参院選は、議員一人当たりの有権者数が最少の福井選挙区と最多の神奈川選挙区とでは、格差は三・〇三倍あった。
fact	1		「憲法が求める投票価値の平等に反する」として、選挙無効を求めた訴訟の判決で、大阪高裁はまず「国民の意思を適正に反映する選挙制度が民主政治の基盤」であることを確認した。
fact	1		そのうえで三倍超の不平等を「軽視することはできない」と明確に述べた。
fact	1		「鳥取・島根」「高知・徳島」をそれぞれ一つに「合区」する公職選挙法の改正は二〇一五年。
fact	1		それから「約七年継続しており、選挙制度の見直しが行われなければ、格差は継続し、常態化が危惧される」とも言及した。
fact	1		そう判決で指摘された。
fact	1		訴訟は全国十四の高裁・支部に起こされた。
fact	1		仮に全国を十一ブロックのみの選挙にする方法だと、格差は一・一三倍まで縮小する。
fact	1		ブロック制はかつて故西岡武夫参院議長が提案した方法でもある。
fact	1		河野太郎デジタル相が現行の健康保険証を二〇二四年秋に廃止し、マイナンバーカードと一体化した「マイナ保険証」に切り替えると発表した。
fact	1		昨年十月に本格稼働したマイナ保険証を持つ人は全人口の二割にすぎない。
fact	1		マイナンバー制度は一六年に導入されたが、カード普及率は国民の約半数にとどまる。
fact	1		実際、国からマイナンバーカードなどの個人情報入力を委託された業者が無断で再委託し、情報流出が懸念された事案も起きた。
fact	1		政府はマイナ保険証で、転職などの際には保険証を切り替える必要がなくなり、投薬履歴も確認しやすくなると利点を挙げる。
fact	1		しかし、カードに内蔵される電子証明書の交換期限は五年で、五年ごとに更新が必要になる。
fact	1		受診のたびに認証操作が必要で、認知症の人の場合、第三者が暗証番号を扱わねばならない。
fact	1		紛失時の受診をどうするかなど、具体的な対応は先送りされている。
fact	1		読み取り機の導入など、マイナ保険証に対応できる医療機関や薬局もいまだ約三割にとどまる。
fact	1		スイスの経営大学院IMDが、デジタル技術を活用し、生産性を上げたりビジネスを創出したりする国・地域の力を比較した「世界デジタル競争力ランキング」の2022年版で、日本は63カ国・地域中29位と過去最低となった。
fact	1		1位はデンマーク、2位は米国だった。
fact	1		ランクの基になる54項目の評価の中身をみると、政府よりも企業が劣後していることが分かる。
fact	1		アジアではシンガポールが4位、韓国が8位に入った。
fact	1		日本は遡れるデータで最も古い13年の20位の後、一貫して低落傾向が続く。
fact	1		日本の項目別の評価をみると、「上級管理職の国際経験」「機会と危機への企業の即応力」「企業の俊敏性」「企業の意思決定でのビッグデータの活用度」の4項目で最下位だった。
fact	1		また、「デジタル・IT（情報技術）のスキルを持つ人材の豊富さ」では62位で、ベネズエラの次に低かった。
fact	1		政府は全世代型社会保障構築会議で、少子化対策の議論を進めている。
fact	1		育休は原則子どもが1歳になるまで取得でき、雇用保険から給付金を受けられる。
fact	1		最初の180日間は休業前賃金の67%、それ以降は50%相当だ。
fact	1		労使で負担している雇用保険料が主な財源になっている。
fact	1		利用は年々増え、2021年度の給付額は約6456億円と10年前の倍以上になった。
fact	1		ただし、この給付は雇用保険の要件を満たさない非正規労働の人などは対象外だ。
fact	1		会議では原則42万円の出産育児一時金の増額も議論の対象になっている。
fact	1		日本の出生数は21年、約81万2千人にとどまった。
fact	1		政府の推計より7年ほど早いペースで減少している。
fact	1		岸田文雄首相は少子化対策を「未来への投資」と位置付ける。
fact	1		国連の障害者権利委員会が、日本の障害者政策を初めて審査し、精神科医療や障害者教育などについて改善を勧告した。
fact	1		審査は日本が二〇一四年に批准した、障害によるあらゆる差別を禁じた障害者権利条約に基づいて行われた。
fact	1		権利委は日本の障害者政策が条約の趣旨に合致しているか否かを審査し、総括所見を公表した。
fact	1		所見冒頭で懸念を指摘したのは日本の政策が、健常者が障害者に「やってあげる」というパターナリズム（父権主義）に偏っているという点だ。
fact	1		所見が紙幅を割いたのは精神科医療と障害者教育の問題点だ。
fact	1		日本の精神科病床数は経済協力開発機構（ＯＥＣＤ）加盟国全体の四割弱を占め、平均入院日数も突出している。
fact	1		所見は強制入院を障害を理由とする差別と断定し、制度を認める全ての法律の廃止を要請した。
fact	1		患者が病院内での虐待や非人道的な扱いを外部に報告しやすい仕組みの創設や、加害者の刑事処分を見逃さないことも勧告した。
fact	1		障害者教育についても、特別支援教育を分離教育と懸念し、中止に向けて障害のある子とない子が共に学べる「インクルーシブ（包摂）教育」に関する国の行動計画を採択するよう求めた。
fact	1		政府は通常教育と特別支援教育の選択は本人と保護者の意思によるとするが、教育委員会が特別支援教育を強く勧めた例は多い。永岡桂子文部科学相も「特別支援教育を中止する考えはない」と述べた。
fact	1		権利委のヨナス・ラスカス副委員長は「分離教育は（大人になっても）分断された社会を生む」と指摘する。
fact	1		ドイツ政府は、今年末に全廃予定だった原発三基のうち二基の全面稼働停止を来年四月まで延期する方針を決めた。
fact	1		ドイツは天然ガスの５５％をロシアから買い入れ、全世帯の半数で暖房用にガスを利用している。
fact	1		しかし、欧米の経済制裁に反発を強めるロシアは天然ガスの供給を段階的に削減し、現在は完全にストップしている。
fact	1		ドイツ政府は石炭火力発電の活用も検討したが、夏の干ばつでライン川の水位が下がり、石炭の運搬に支障が生じている
fact	1		さらに、フランスの原発の半数以上が機器の不調で運転をやめ、電力の融通も受けられなくなった。
fact	1		原発二基は非常用予備電源として待機させる。
fact	1		十七基あった原発を次々と廃炉にし、残る三基も今年末までに廃炉にして、脱原発を完了させる予定だった。
fact	1		ドイツの電源構成に占める原発割合は６％で、再生可能エネルギーは４６％に達する。
fact	1		ウクライナ侵攻後、「三〇年までに八割を再生エネ」としていた目標をさらに引き上げ、「三五年までにほぼ１００％を再生エネ」でまかなうことを掲げた。
fact	1		商業用の新築建物への太陽光発電パネル設置の義務化や、再生エネで水を分解して得られるグリーン水素の産業エネルギー活用などで脱炭素化を進めるという。
fact	1		スウェーデン王立科学アカデミーが10日、2022年のノーベル経済学賞を元米連邦準備理事会（FRB）議長のベン・バーナンキ氏ら3人に授与すると発表した。
fact	1		金融危機下の銀行の役割に関する研究への功績を評価した。
fact	1		受賞が決まったのはバーナンキ氏と、米シカゴ大学のダグラス・ダイヤモンド教授、米セントルイス・ワシントン大学のフィリップ・ディビッグ教授の3人だ。
fact	1		バーナンキ氏の功績に挙がったのが1930年代の大不況を題材に金融システムと恐慌の関係を分析した研究だ。
fact	1		くしくもバーナンキ氏がFRB議長に就いた2年後の2008年に米金融危機が発生した。
fact	1		M&A（合併・買収）助言のレコフによれば、日本企業の敵対的TOBは2000年代から徐々に増え、21年は8件を数えた。
fact	1		株価の下落などを受けて22年1～9月はオイシックス・ラ・大地によるシダックスへの1件のみだが、今後は円安で割安になった日本企業に対し、海外企業が買収に動く可能性も指摘される。
fact	1		観光旅行を公金で補助する全国旅行支援（全国旅行割）が11日から始まる。
fact	1		2020年に開始、中断している「Go To　トラベル」、21年の「県民割」、その拡大版である今回の割引と、旅行補助が続く。
fact	1		三菱重工業は関西電力などと、安全性を高めた新型原子炉を共同開発する。
fact	1		日立製作所と米ゼネラル・エレクトリック（GE）の合弁会社、日立GEニュークリア・エナジーも、三菱重工などとは別タイプの原子炉の開発に取り組む。
fact	1		福島第1事故を教訓に、外部電源を失った際の冷却継続や炉心損傷リスクの低下、放射性物質の放出防止などの技術開発が進んだ。
fact	1		受賞が決まったのは、ロシアの人権団体で政治弾圧の調査・告発で知られる「メモリアル」、ウクライナでロシアの戦争犯罪の記録に取り組む「市民自由センター（CCL）」と、ベラルーシの人権活動家アレシ・ビャリャツキ氏の2団体1個人。
fact	1		ビャリャツキ氏は裁判も受けずに収監中だ。
fact	1		いずれも人権や民主主義を擁護し、定着させる活動に従事してきた。
fact	1		ノルウェー・ノーベル賞委員会のレイスアンデルセン委員長は、彼らの活動について「政治権力を正しい方向に向かわせるために重要だ。権威主義国家が戦争に突き進むのを阻むことにつながる」と評価した。
fact	1		受賞が決まった7日、プーチン政権は「メモリアル」関連事務所の立ち退きを命じた。
fact	1		昨年の平和賞もロシアの反体制派ジャーナリストが受賞した。
fact	1		同じ日、独裁者は70歳を迎えた。
fact	1		食品や日用品、外食などで10月から価格が上がった。
fact	1		帝国データバンクによると、株式を上場する食品メーカーの105社で今年最多の6700品目を値上げした。
fact	1		アサヒビールなどビール大手4社が家庭用ビールを14年ぶりに値上げし、回転ずしやハンバーガーも値上がりした。
fact	1		ウクライナ危機は長期化し、エネルギーや原料価格は強含みで推移している。
fact	1		ファミリーマートでは商品本部内に「価格戦略・販売企画グループ」を発足させた。
fact	1		一日当たり五万人だった日本への入国者数上限が十一日から撤廃され、個人旅行と、短期査証（ビザ）なしでの来日ができるようになります。
fact	1		ドイッチャーさんの著書「言語が違えば、世界も違って見えるわけ」（ハヤカワ文庫）には、ほかにも興味深い事例が出てきます。
fact	1		ソウルにある日中韓三国協力事務局が、この三つの国の言葉を調べ、共通で使われる六百五十八単語を「日中韓共通語彙（ごい）集」という本にまとめました。
fact	1		例えば「可憐（かれん）」は日本と韓国では、花などが愛らしく、美しいさまを意味します。
fact	1		ところが、中国では単に「かわいそう」という意味なのです。
fact	1		周恩来首相主催の歓迎夕食会で田中氏は、日本による中国侵略に触れ「貴国に多大なるご迷惑をかけた」と発言し、中国語で「添了麻煩」と訳されました。
fact	1		国は認定こども園や保育園、幼稚園の送迎バスに安全装置の設置を義務付ける。
fact	1		プロ野球、セ・リーグを連覇したヤクルトの主砲、村上宗隆内野手が令和初の三冠王に輝いた。
fact	1		これまでの最年少は、以後三度達成する落合博満さん（ロッテ、一九八二年）の二十八歳。
fact	1		三日のレギュラーシーズン最終戦の最終打席で５６号を放ち、王貞治さん（巨人）が二十四歳で記録した日本選手のシーズン最多本塁打記録も塗り替えてしまった。
fact	1		政府は「全国旅行支援」を、十月十一日から十二月下旬まで実施する。
opinion	0		まるで毛の時代に戻ろうとしているかのようだ。
opinion	0		きのう開幕した党大会で報告した習氏は、国内総生産が倍増したことなど、この間の「強国路線」の成果を誇らしく語った。
opinion	0		ひとたび権力集中にカジを切れば、トップが関与した決定の転換はより難しくなる。
opinion	0		政策展開が硬直し、状況変化に即した柔軟対応を取りにくくなるリスクを習氏は自覚すべきである。
opinion	0		その弊害が、習氏が主導したゼロコロナ政策にあらわれているのではないか。
opinion	0		市民生活を窒息させ、経済の停滞を招いたにもかかわらず、報告で習氏はなおも実績として誇示した。
opinion	0		知識人を沈黙させ、香港で市民の自由を奪い去ったことも記憶に新しい。
opinion	0		自由な発想と発話が封殺された先には、閉塞（へいそく）と停滞しかないことは、学ぶべき歴史の教訓である。
opinion	0		対外政策について、習氏は演説で「自主平和外交」を改めて掲げ、「永遠に覇を唱えない」と強調した。
opinion	0		当時、Ｂ男さんも、アパートの中にいて、物音は聞いていたが、暴行には気づかなったそうだ。
opinion	0		聞こえのいい理念や約束を、額面通りに受け取るわけにはいかない。
opinion	0		一方で深く懸念されるのは、習氏が報告の中で台湾政策について、平和的統一に向けて最大限の努力をするとしつつ、「決して武力行使の放棄を約束しない」と述べ、前回の党大会では言及しなかった「武力行使」に触れたことだ。
opinion	0		医療事故の再発防止には原因の究明が欠かせない。
opinion	0		すでにＡ男さんは、意識のないような状態だったとみられる。
opinion	0		医療の発展のためにも、事故がなぜ起きたのかを十分に検証できるようにする必要がある。
opinion	0		渡辺容疑者は、「自宅があるので帰してやろうと思った」「誰かが見つけるだろうと思った」と供述しているそうだ。
opinion	0		患者の遺族から「病院が調査をしてくれない」と批判の声が上がることも珍しくない。
opinion	0		調査に前向きでない姿勢は、患者側との信頼関係を揺るがす要因になる。
opinion	0		130万円を超えると、家族手当の条件から外れることが多くなります。130万円を超えると、家族手当の条件から外れることが多くなります。
opinion	0		家族手当や扶養手当の支給条件は企業によって異なるため、詳しい制度の内容については勤務先に確認する必要があります。
opinion	0		すべての入国者にビザ取得を義務付け、個人旅行もまだ認めていなかったため、回復は非常に緩やかとなっている。
opinion	0		遺族は、他の病院では同様の事例で調査が行われたと知り、不信感を募らせて提訴に踏み切った。
opinion	0		病院が 真摯しんし に対応していれば、違う結果になったのではないか。
opinion	0		両ブランドの存在をさらに広く、多くの方に知ってもらえれば」と、さらなるファンの掘り起こしに期待する。
opinion	0		今回のコラボレーションは、紅茶への回帰を促したいとの思いがあったという。
opinion	0		今後、院内調査が始まるが、担当するメンバーは、病院とかかわりのない第三者とするなど、公正さに疑いが持たれない体制で進めることが重要だ。
opinion	0		医療事故調査制度は、報告と調査が適切に行われる形に改める必要がある。
opinion	0		当事者の医療機関だけで判断するのではなく、第三者機関や学会が判定にかかわったり、報告の基準を設けたりするなどの対策を検討してはどうか。
opinion	0		医療事故の報告をすると、病院の評判が落ちるのではないかという心配から、消極的になる傾向もあるという。
opinion	0		だが、調査しなければ、原因もわからぬまま再び問題が起きかねない。
opinion	0		遺族の声に耳を傾けることも大切だ。
opinion	0		自らの絶対的権力を誇示し、台湾を武力統一する野心を隠さないようでは、大国の指導者にふさわしい振る舞いとは言えない。
opinion	0		歯止めなき強国路線の加速を懸念する。
opinion	0		最高指導者の習近平総書記（国家主席）は、これまでの成果と今後の方針を示す演説で、自らが掲げた強国路線の目標の達成には今後５年間が重要になるとし、続投への意欲を示した。
opinion	0		今回の党大会の後、習氏は２期１０年という任期の慣例を破って３期目に入り、異例の長期体制を築くことが確実視されている。
opinion	0		看過できないのは、習氏が演説で、台湾問題について、「一国二制度」による平和的統一に「最大限努力する」と述べる一方、「武力行使の放棄は決して約束しない」と強調したことだ。
opinion	0		習氏の平和統一構想を台湾側が受け入れる余地はないに等しい。
opinion	0		濃い抹茶味は少し苦手な方でも食べやすそうなドーナツですね！
opinion	0		見るからに生地もクリームもやわらかいなので、口の中でとろけるおいしさを味わえそうな、ちょっと洋風な和スイーツですね！
opinion	0		なんだか一瞬でモンスターに食べられてしまいそうな気もするが、一応は活躍に期待しておきたい。
opinion	0		香港の一国二制度が、中国の強権によって形骸化しているのを目の当たりにしているからだ。
opinion	0		平和統一と言いながら、武力行使の可能性を示唆する発言は、武力統一が念頭にあることを示しているとしか思えない。
opinion	0		米国などによる介入を排除したいのだろう。
opinion	0		習氏は、中国国内の「貧困撲滅」や、「ゼロコロナ政策」による新型コロナウイルスの感染防止などを「大きな成果」と自賛した。
opinion	0		国際社会は、ロシアのウクライナ侵略を受けて、大国の「力による現状変更」が相次ぐ事態を懸念している。
opinion	0		中国の台湾侵攻を強く警戒するのは当然だ。
opinion	0		こうした状況で習氏が覇権を唱えないと言っても説得力はない。
opinion	0		習氏は強硬発言が中国への信頼を落とし、米欧日による対中貿易の抑制を招いて国益も損なっていることを認識すべきではないか。
opinion	0		習氏は、国家目標の「社会主義現代化強国」について、今世紀半ばまでに達成する方針を改めて強調した。
opinion	0		国の発展を目指すこと自体は他国が批判する筋合いではないが、問題はその手法だ。
opinion	0		人権や法の支配など普遍的価値を踏みにじり、中国中心の国際秩序に塗り替えようとすることは許されない。
opinion	0		原因を明らかにし、早期の打ち上げ再開を目指すことが重要だ。
opinion	0		海上に落ちた機体の回収は困難とみられるが、まずは姿勢制御に異常が発生した原因を特定する必要がある。
opinion	0		若手サイドバックとして懸命に戦っていた選手を覚えているだろうか。
opinion	0		サポーターもスティーブン・ジェラードのように大きな存在になっていくと期待したはずだ。
opinion	0		2014年夏にはイングランド代表デビューも飾っており、2013-14シーズンのブレイクが大きかったのが分かる。
opinion	0		フランス代表のグリーズマンはまたも見事なプレーを披露し、本来の調子を取り戻しつつあるように見える。
opinion	0		新たな市場開拓に期待がかかっていただけに、手痛い失敗だったと言えよう。
opinion	0		エンジンの燃焼具合を調整できる液体燃料に比べ、固体燃料のロケットはもともと姿勢制御が難しいとされる。
opinion	0		これまで高い成功率を誇ってきた日本の信頼が揺らがないようにしなければならない。
opinion	0		ＪＡＸＡや関係メーカーなど開発陣は、失敗に 萎い縮しゅく することなく、挑戦を続けてもらいたい。
opinion	0		当時は原因調査が長引き、ロケット開発が停滞した。
opinion	0		焼け焦げて見つかったのは、ブレーキの「ドラム」と「ブレーキシュー」と呼ばれる部品で、摩擦熱によって焦げたと見られるということです。
opinion	0		左足の太ももの骨を折るなど全治3カ月の重傷を負わせた疑いがもたれています。
opinion	0		今回の失敗で、計画に影響が出ないようにしてほしい。
opinion	0		今後は、官民で素早い技術開発とコスト削減に取り組み、世界の市場で競争できるよう、開発体制を強化すべきだ。
opinion	0		原発が抱える数々の難題を脇に追いやり、推進に好都合な点ばかり訴える。
opinion	0		そんな「結論ありき」の議論で、重大な政策転換を進めていいのか。
opinion	0		課題や方策について多角的に検討を尽くすことが、政権の最低限の責務である。
opinion	0		落とし主を特定した経緯について富山中央警察署は「遺失の届け出、その他の状況などにより総合的に判断して落とし主を特定した」とコメントしています。
opinion	0		そこでの議論では、原発推進を前提にした意見が大勢を占める。
opinion	0		そうした点については表面的な議論に終始し、中身は深まらない。
opinion	0		なぜこれほど、議論の幅が狭くなってしまうのか。
opinion	0		これで十分な調査と審議ができるのか、極めて疑わしい。
opinion	0		通り一遍の議論で、推進官庁の提案にお墨付きを与えるだけの役回りになるのではないか。
opinion	0		政府は指摘を真摯（しんし）に受け止め、熟議ができる環境を整えなければならない。
opinion	0		現場に足を運んで取材をするが、その内容をスタジオで報告することもあり得るという。
opinion	0		４カ月での新方針決定というのも、あまりに急だ。
opinion	0		エネルギー問題は激動期にあり、複雑さを増している。
opinion	0		原発の位置づけは、電気の使い方を将来にわたって左右する大きなテーマだ。
opinion	0		安定供給や脱炭素の効果だけでなく、課題やコストとリスク、他の選択肢との比較など、さまざまな観点から検討を重ねることが欠かせない。
opinion	0		審議会を含め、さまざまな専門家をバランスよく集め、透明性を確保した議論の場が必要になる。
opinion	0		だが、深刻な社会的問題を抱える団体にお墨付きを与えたり、選挙に利用してきたりした政治のけじめはついていない。
opinion	0		だんだん貧乏になっています。
opinion	0		私は、人生は自分で切り拓くものと考え、努力を重ねてまいりました。
opinion	0		お墓もお葬式もここ数年、着々と準備を進めています。
opinion	0		日本式にピシッとまとめるのではなく、自然に咲いているようなアレンジにできたらいい。
opinion	0		こんなに準備しているのに、本番を見られないのが残念ね。
opinion	0		生前にリハーサルをすれば、本人確認のうえで、より理想に近づけられます。
opinion	0		今いる子たちはなるべく私が看取り、最後に私がこのお墓に入れればいいですね。
opinion	0		そんな居場所のイメージを持って終活するのは、案外良いものじゃないかと思いますよ
opinion	0		教団との関係の全容解明を抜きにしては、信頼は戻らないと知るべきだ。
opinion	0		山際氏はきのうの予算委で、自らの過去の行動を把握しきれていないとして、「これから新しい事実が出る可能性がある」と開き直った。
opinion	0		霊感商法や高額献金といった被害の救済に取り組むのは当然だが、「これから」ばかりを強調し、「これまで」を真摯（しんし）に省みる姿勢に欠けるのでは、その本気度に疑問符がつきかねない。
opinion	0		教団との決別を掲げる首相の覚悟が問われる。
opinion	0		「フィッシングサイトとみられるものがあることは把握している。詳細は調査中」とコメントしている。
opinion	0		日本や米国など計12カ国で11月から広告付きの低価格プランを始めるのも背景に、12月末までの3カ月間で会員が450万人増えると予想した。
opinion	0		「サイトに接続するときは、ドメインを必ず確認しましょう」と呼びかけている。
opinion	0		自民党と教団の関係についても、ウミを出し切ったとは言えない。
opinion	0		所属する全国会議員の点検結果は公表したが、あくまで自己申告であり、接点の中身も具体的ではない。
opinion	0		本人が亡くなり、限界があるとしても、調べようとすらしないのは、はなからやる気がないとみるほかない。
opinion	0		週明け24日頃からは再び冷たい空気が流れ込み、最高気温、最低気温ともに平年を下回る所が多くなりそうです。
opinion	0		自らと教団の関係をしっかり語ることから始めるべきだ。
opinion	0		朝の最低気温は、平年を下回る所が多いでしょう。
opinion	0		デジタルの力で社会問題を解決できるだろうか。
opinion	0		コロナ前に比べると規模は一回り小さくなったが、紹介されるテクノロジーは巨大仮想空間のメタバースから、最先端の部品まで多様性に富む。
opinion	0		その中で共通するのは、ESG（環境・社会・企業統治）の視点だ。
opinion	0		太陽光をはじめとする再生エネルギーの受け入れ拡大に弾みがつくと期待したい。
opinion	0		NECは少量の血液サンプルからその人の心筋梗塞や肺がんの発生リスクを予測する技術をアピールする。
opinion	0		そのほかJR西日本やパーソルグループなどの異業種が初出展したのも今年の特徴だろう。
opinion	0		デジタルトランスフォーメーションの流れが業種の垣根を越えて広がり始めた証しである。
opinion	0		やや残念なのは、大きなブースを構えて、目立っていたのが富士通などの電機大手に偏り、スタートアップ企業の存在感が希薄だったことだ。
opinion	0		産業の新陳代謝の加速が官民挙げての課題である。
opinion	0		加えて、世界市場における日本の電機産業の劣勢をはね返す「ゲームチェンジャー」となり得るような、大型のイノベーションも不足していると感じた。
opinion	0		奮起を促したい。
opinion	0		中国共産党大会は急減速する経済の立て直しが重要課題である。
opinion	0		だが3期目入りが確実な習近平総書記（国家主席）の体面ばかりが優先され、疲弊する国民生活を真摯に議論する雰囲気に乏しい。
opinion	0		経済浮揚には、市場を重視する大胆な政策転換が不可欠である。
opinion	0		習氏は実効性ある新しい発展モデルを探る旗振り役になるべきだ。
opinion	0		9月貿易統計、主要70都市の新築住宅価格の発表もない。前代未聞の事態は中国の国際信用にかかわる。
opinion	0		集権に成功した習氏の権威への配慮から悪い数字を出せないとすれば、党大会での経済論議も期待できない。
opinion	0		地方政府が国有地の使用権を開発業者に高値で販売して財政収入を得る住宅・不動産主体の発展モデルは破綻しつつある。
opinion	0		習政権の政策はそれを加速した。
opinion	0		不動産関連はGDPの2、3割を占めるだけに影響は甚大だ。
opinion	0		共産党の指導を重視する中国独自の発展モデルだという。
opinion	0		その実態は、米欧自由主義に対抗する習氏とその路線への忠誠度を試すツールの側面が強い。
opinion	0		実効性ある精緻な経済モデルというより、政治的な思惑の産物なのだ。
opinion	0		国有企業重視の色が濃く、中国経済を支える大多数の民間企業の意欲を引き出す政策でもない。
opinion	0		自力更生など内向きの雰囲気とともに、党の管理が強まれば、民間企業の自由度は下がり、生産性も上がらない。
opinion	0		いまは成長の原動力だった市場重視こそ肝要である。
opinion	0		アリババ集団などIT大手への圧力の行方も見通せない。
opinion	0		成長企業のけん引がなければ、技術強国は絵に描いた餅になる。
opinion	0		米中対立で高性能半導体の確保さえままならず、若者の失業率も2割近いのに、政治主導の「企業いじめ」に何の意味があるのか。
opinion	0		14億人の中国市場は魅力的だ。
opinion	0		インフラ投資に頼る従来の手法では安定成長は実現できない。
opinion	0		今年の成長率目標「5.5%前後」も達成は難しい。
opinion	0		経済浮揚のカギは、民間企業の意欲を最大限引き出す市場重視への大転換である。
opinion	0		様々な宗教的な価値観があるとはいえ、国民を暴力で抑え込むやり方は断じて許されない。
opinion	0		イラン政府は女性が死に至った経緯を明らかにしなければならない。
opinion	0		そのうえで抗議デモが拡大した背景に、米欧との対立から国際的に孤立し、経済苦境の下にある国民の不満があることは見逃せない。
opinion	0		悲劇を繰り返さないためには、核開発をめぐる米欧など6カ国とイランの合意を軌道に戻し、イランが国際社会に復帰する道筋を整えることが重要だ。
opinion	0		9月に首都テヘランで拘束された女性の死因について政府は病気だとしているが、抗議は全土に拡大し、最高指導者ハメネイ師ら体制を批判する者もいる。
opinion	0		イランは有数の産油国でありながら原油を輸出できず、国内経済が悪化する一方で、合意を逸脱した核開発を加速している。
opinion	0		イランは有数の産油国でありながら原油を輸出できず、国内経済が悪化する一方で、合意を逸脱した核開発を加速している。
opinion	0		謎の声に導かれながらこの世界の謎に挑む新境地アクションアドベンチャーとなっている。
opinion	0		抗議デモは保守強硬派のライシ大統領による風紀引き締めや日々の生活苦への不満が、女性の死をきっかけに噴出したと考えるべきだろう。
opinion	0		強権的な弾圧は不満を増幅し事態を悪化させるだけだ。
opinion	0		イランは有数の産油国でありながら原油を輸出できず、国内経済が悪化する一方で、合意を逸脱した核開発を加速している。
opinion	0		突然のトラブルに備え、データの損失を最小限に抑えるためにも、日常的にデータのバックアップを取っておくことをおすすめします。
opinion	0		「ロシア軍は何よりもまず、ヘルソン市民の安全な避難を確保する」と述べた。
opinion	0		ウクライナのウォロディミル・ゼレンスキー大統領は、過去8日間で国内の発電所の3割が破壊されたと述べた。
opinion	0		金融市場では円安の長期化を予測する声が強い。
opinion	0		だが一カ月足らずで八円以上の円安が進行し、介入効果は雲散霧消した形だ。
opinion	0		政府の姿勢を日銀が打ち消していては円安を抑制できるはずもない。
opinion	0		黒田総裁は十八日の衆院予算委員会で「金融緩和が失敗だというのは事実に反する」と強調した。
opinion	0		むしろ現状は緩和が引き起こす円安が物価高騰に拍車をかけ、暮らしに打撃を与える悪循環に陥っている。
opinion	0		ただ需要全体は依然弱く、インフレとデフレが共存する異例の事態となっている。
opinion	0		黒田総裁には緩和一辺倒の姿勢を改めてほしい。
opinion	0		景気悪化を起こしかねない急激な金融引き締めは避けるべきだとしても、緩和続行発言を控えるだけでも円安の抑制効果があるはずだ。
opinion	0		今月内に策定する総合経済対策に対策費を盛り込む方針だが理解に苦しむ。
opinion	0		政府が救うのは円安で潤う輸出企業ではなく輸入物価高騰に苦しむ企業のはずだ。
opinion	0		首相は方針を撤回すべきである。
opinion	0		今月開かれた二十カ国・地域（Ｇ２０）財務相・中央銀行総裁会議では米国の利上げによるドル高への懸念が噴出した。
opinion	0		インフレ抑制は理解できるが世界的な金融危機が起きては元も子もない。
opinion	0		ロシアのウクライナ侵攻で国際協調がかぎを握る中、米国には利上げペースを緩めるなど各国に配慮した行動を求めたい。
opinion	0		「合区」が導入されて七年、不平等は常態化している。
opinion	0		国会は抜本的な見直しを急ぐべきだ。
opinion	0		Ａ県は国会議員を一人しか選出できないのに、Ｂ県が三人選出できるなら、誰しも不平等を実感するであろう。
opinion	0		明白な不平等で正当化できまい。
opinion	0		そもそも四県の合区によって選挙制度見直しの目的が達成・終了したともいえない。
opinion	0		過去の大法廷判決では、都道府県を単位とする方式を改めることなどで格差是正を図ることも求められていた。
opinion	0		それなのに国会では格差是正を指向する姿勢が一五年当時と比べて弱まっている。
opinion	0		足踏み状態というより放置状態である現状を指弾されたのに等しい。
opinion	0		その最初の大阪高裁判決の意義は大きく、国会は速やかに抜本改革に動き出すべきだと考える。
opinion	0		抜本改正により平等な選挙を実現したい。
opinion	0		方針の再検討を求めたい。
opinion	0		あまりに乱暴すぎないか。
opinion	0		政府が保険証を使って普及を図るのは、国民に受け入れてもらえないことへの焦りからだろう。
opinion	0		国民の多くは、国が集めた個人情報がどう使われるのか、個人情報が漏洩（ろうえい）することはないのか、利便性以上に不安を感じるからだ。
opinion	0		国民の不安を置き去りにして理解を得る努力も怠り、「脅し」にも近い形でカードの普及を図ることは本末転倒も甚だしい。
opinion	0		医師会からは、現場の負担や混乱を懸念する声も漏れてくる。
opinion	0		国会での議論を尽くさず、期限ありきでカード取得を強引に義務づけることは到底許されない。
opinion	0		導入を急がず、制度への不信感と誠実に向き合うことが先決だ。
opinion	0		日本企業の国際競争力にまた一つ警鐘が鳴った。
opinion	0		日本は官民の両方でデジタル改革を加速させる必要がある。
opinion	0		構造問題の存在を謙虚に見て取るべきだろう。
opinion	0		浮かび上がるのは、国際化とデジタル化で遅れ、経営の競争力が上がらない日本企業の姿だ。
opinion	0		たとえば企業の俊敏性向上にはトップから現場まで、デジタル時代に即した行動やコミュニケーションのスキルを身につける必要がある。
opinion	0		ところが日本企業ではIT恐怖症克服の努力を放棄し、パソコン作業を部下に丸投げするような人がいまだ散見される。
opinion	0		デジタル人材の不足には終身雇用と年功序列を前提にした日本的雇用・賃金慣行が大きく関係している。
opinion	0		ITやサイバー防御は経営の中核事項ではないと考える経営者の誤った認識は、企業の魅力を損ない、結果的に有能なIT人材の不足を招く。
opinion	0		企業のリーダー層は当事者意識をもってデジタル改革と国際化、経営改革を同時に進めてほしい。
opinion	0		各企業の競争力向上が国全体の競争力向上につながる。
opinion	0		焦点の一つは、育児休業期の給付を拡充するかだ。
opinion	0		働き方が多様化するなか、従来のセーフティーネットから外れる人は増えている。
opinion	0		妊娠・出産で収入が途絶えることに不安を抱える人は多くおり、一定の対策が必要という考えは理解できる。
opinion	0		ただ簡単ではない。
opinion	0		どの範囲の人にどこまでの給付をするのか、財源をどこに求めるのか。
opinion	0		雇用保険制度からの切り離しを含め、国民的な議論が必要だ。
opinion	0		なにより少子化対策はお金だけで解決できるものでは決してない。
opinion	0		非正規の人らが出産後に一定の給付が受けられるようになったとしても、その後の仕事に明るい展望が持てなければ、子どもを持つハードルは高いままだからだ。
opinion	0		非正規の人の処遇改善や正社員化の後押しなど、労働面の改革を同時に進める必要がある。
opinion	0		これは正社員も同様だ。
opinion	0		長時間労働などが前提の職場では、子どものいる女性が仕事を続け、力を発揮するのは難しくなる。
opinion	0		育休や短時間勤務に過度に依存する「マミートラック」に入るか、仕事を辞めるかになりがちだ。
opinion	0		硬直的な働き方そのものを変え、男女ともに仕事と家庭を両立することの大切さは1990年代から指摘されながら、少ししか変わっていない。
opinion	0		昭和の性別役割分業を前提とした働き方も、非正規が抜け落ちがちな社会保障制度も、官民あげて今こそ根本から見直すときだ。
opinion	0		保育サービスの大切さは言うまでもない。
opinion	0		社会全体で子どもを支えるためリーダーシップを発揮してほしい。
opinion	0		勧告に法的強制力はないが、政府は重く受け止め、改善に向けた方策を講じるべきだ。
opinion	0		障害者は平等に扱われる権利を持ち、社会はそれを保障する義務があるとの条約の趣旨に反する父権主義は共生の理念と矛盾し、収容や分離につながりかねない。
opinion	0		大胆な提案のようでもあるが、先進国ではすでに在宅医療が主流であることを想起すべきだろう。
opinion	0		勧告を一蹴していいのか。
opinion	0		傾聴に値する言葉だ。
opinion	0		障害者を締め出す社会は弱く、もろい。
opinion	0		政府はいま一度、条約の趣旨に立ち返るべきである。
opinion	0		ロシアによるウクライナ侵攻で電力やガスの供給が不安定になったための措置だが、原発事故を受けて踏み出した「脱原発」方針の継続に知恵を絞るべきである。
opinion	0		寒さの厳しい冬場の暖房を確保するためにはやむを得ない措置なのだろう。
opinion	0		ただドイツは、脱原発に向けた国際リーダー的な存在だ。
opinion	0		緑の党出身のハーベック経済・気候保護相は「原発は今後ともリスクの高い技術であり、放射性廃棄物は次世代の負担となる」と原発の危険性を指摘する。
opinion	0		脱原発の道のりは険しいが、知恵を絞り信念を貫いてほしい。
opinion	0		中央銀行トップの受賞は異例だ。
opinion	0		理論を実践につなげた人物の受賞は、「生きた経済学」を後押しする点でも意味がある。
opinion	0		ダイヤモンド氏らは金融の仲介機能を研究し、取り付けを避けるため政府が預金の一部を保証する預金保険制度の重要性を説いた。
opinion	0		同氏の研究者としての知見が銀行救済や果敢な資金供給を通じ「100年に一度」とされた危機の広がりを食い止めたのは間違いない。
opinion	0		一方、議長就任に先立つFRB理事や米大統領経済諮問委員会（CEA）委員長の時代に、そもそも住宅バブルを見逃した責任を問う声は多い。
opinion	0		08年の危機の引き金となったリーマン・ブラザーズ破綻を避けるため、もっと手を尽くせたのではとの指摘もある。
opinion	0		当時の危機対応は、20年初めからの新型コロナウイルス危機対応への「ひな型」にもなった。
opinion	0		大恐慌時より格段に洗練された政策手段の副作用でありジレンマだ。
opinion	0		未完の危機対応への理論と実践を、一段と磨く必要がある。
opinion	0		相手企業の取締役会から賛成を得ないままTOB（株式公開買い付け）を始める敵対的買収が、経営戦略のひとつとして定着してきた。
opinion	0		企業価値の向上に結びつく買収を目指してほしい。
opinion	0		買収する側の企業にとっては、TOBに応じる利益を相手企業の株主に効果的に伝える必要がある。
opinion	0		コロワイドの大戸屋ホールディングスへのTOB（20年）やSBIホールディングスの新生銀行買収（21年）など、最近は相手企業の株主の意向が重要なカギを握るようになった。
opinion	0		企業買収において粘り強い交渉と説得が何よりも重要であることを示す事例だ。
opinion	0		非上場企業が相手ならば関係者へのいっそう丁寧な説明が要る。
opinion	0		買収をしかけられた企業も防衛策を乱用して交渉の道を閉ざすべきではない。
opinion	0		社外取締役が株主の代表として最善の対応を考えるべきだ。
opinion	0		そうでなければ産業の新陳代謝も停滞する。
opinion	0		短期間で事業領域や販路を広げられるM&Aは、技術やビジネスモデルの変化が速まるとともに、重要性が増している。
opinion	0		足元では地政学リスクの高まりを受け、供給・販売網を素早く組みかえる必要性も出てきた。
opinion	0		さらに手元資金の有効活用を求める株主の声は強まる一方だ。
opinion	0		敵対的買収も辞さない企業は増えていくと考えるべきだ。
opinion	0		資本の力で買収にこぎつけても、事業や資産を活用できなければ企業価値を損なうという戒めだ。
opinion	0		相手企業の従業員や取引先の離反を招きかねない敵対的買収は、この点で難易度が高いことも認識すべきだ。
opinion	0		この段階での公的支援は不要だ。
opinion	0		政府や自治体は観光業が成長産業となるための中長期的な環境整備に専念すべきではないか。
opinion	0		コロナ禍で傷んだ経営に助けを求める事情は理解できる。
opinion	0		しかし補助に慣れれば創意工夫による付加価値の向上や顧客獲得はどうしても後回しになる。
opinion	0		体質改善や経営革新は遅れ、生産性は下がり結果的に国際競争に負ける。
opinion	0		発想を転換し、今の需要回復を追い風に成長産業へと脱皮する道を考えたい。
opinion	0		政府の役割は目先のばらまきではなく、規制改革などにより成長の障害となっているものを除去することだ。
opinion	0		効果的な情報発信や業務の効率化のためIT（情報技術）の活用を促進したい。
opinion	0		公共交通機関の乏しい地域でもマイカーのない外国人が旅しやすいよう、ライドシェア型サービスを取り入れてはどうか。
opinion	0		不便な地域や零細な施設も、こうした経営改革や新制度を通じ世界から客を呼びやすくなる。
opinion	0		付加価値の高い観光体験には案内人の充実が必要だ。
opinion	0		しかし大学入試を思わせる現在のガイド資格試験と、今の外国人が求める情報にずれがあるとの指摘が以前からある。
opinion	0		自治体ごとに展開するPRや作成する案内書は、広く移動する外国人のニーズと食い違う。
opinion	0		立地や建築物に魅力があっても後継ぎの不在などで行き詰まる施設は多い。
opinion	0		家業から脱皮し新たな担い手に運営を引き継ぐ仕組みを整えてはどうか。
opinion	0		地域にとっても有力な観光資源になる。
opinion	0		コロナ下に人員を減らした観光業は多い。
opinion	0		現状は需要不足ではなく人員面での供給力不足といえる。
opinion	0		今の人手不足を賃金上昇につなげられれば、良質な人材の獲得に役立つ。
opinion	0		政府や自治体は、こうした企業単独では難しい規制改革、広域連携、経営革新の支援、文化財活用などに軸足を置くべきだ。
opinion	0		経営の根幹である価格戦略は本来、企業が独自に決める問題だろう。
opinion	0		今後も政策の透明性を高め、関連産業が動きやすい環境を整えてほしい。
opinion	0		メーカーや電力会社も建設計画を打ち出せず、技術継承や国際競争力の低下が危ぶまれていた。
opinion	0		各社は改善点のわかりやすい情報を積極的に提供してほしい。
opinion	0		原発の信頼回復につながるだろう。
opinion	0		政府や原子力規制委員会の役割もますます重要になる。
opinion	0		政府は設計思想の異なる次世代炉の開発も推進する。
opinion	0		資金や人材には限りがあり、優先順位を決めて計画的に建設する必要がある。
opinion	0		現行規定には明確な科学的根拠がなく、見直しは妥当だ。
opinion	0		新型炉や次世代炉の安全性確保に万全を期し、使用期間の延長に対応するには審査基準の改定も課題となろう。
opinion	0		規制委はメーカーや電力会社の最新の知見をもとに、早期に検討を始めるべきだ。
opinion	0		国民の理解を得つつ、議論を深めることが欠かせない。
opinion	0		今回の受賞はそれを止めるとともに、2度と悲劇を起こさない力にしなければならない。
opinion	0		ウクライナの出来事は日本人にとっても人ごとではない。
opinion	0		みんなが考えるきっかけにしたい。
opinion	0		ロシアのプーチン大統領やベラルーシのルカシェンコ大統領といった圧制者の横暴や犯罪を調査、告発。その欺瞞（ぎまん）や残虐性を伝えることが過ちを繰り返さないことにつながるとの使命感は賞にふさわしいものだ。
opinion	0		ときに命の危険を顧みず、権力に闘いを挑み続ける行為に敬意を表したい。
opinion	0		ロシア関連で連続しての受賞は、独裁者の横暴を止められない世界への警鐘と受け止めることができる。
opinion	0		昨年は一部で祝意を表する政権幹部もいたが、今年は余裕を失っているともいえる。
opinion	0		戦争を止めようという力が世界で強まっていることをそろそろ理解すべきである。
opinion	0		エネルギーや原料価格の上昇などを受けた動きで、価格転嫁はやむを得ない。
opinion	0		企業は消費が冷え込まないように、巧みな値付けや価値向上策を講じるべきだ。
opinion	0		このほか光熱費などの上昇も重なり、消費者行動に影響を与えるのは避けられない。
opinion	0		スーパーやコンビニエンスストアなど小売業に、値上げが本格化した今春以降の販売動向を聞くと、節約志向が強まっているという。
opinion	0		例えばドラッグストアなど少しでも価格の安い店にシフトしたり、ネットで低価格品を探したり、出費の抑制の動きは鮮明だ。
opinion	0		ブランド力のある商品、あるいはPBなど低価格品を選ぶ二極化が進みそうで、企業は付加価値アップが急務だ。
opinion	0		睡眠の質向上、ストレス緩和などの商品特性が消費者に浸透したからだ。
opinion	0		消費が冷え込まないように付加価値アップと慎重な価格設定が求められる。
opinion	0		もちろん値上げとともに賃金上昇も不可欠だ。
opinion	0		価値と賃金アップの両輪で個人消費が落ち込まない努力が一層必要になる。
opinion	0		秋を迎えた日本の観光地には、外国の観光客が増えることでしょう。
opinion	0		さまざまな文化を持つ人たちと一緒に仕事をしたり、生活することが増えています。
opinion	0		多様化や多文化共生などと言われますが、日本では当然と思えることも、実は海外の人たちには奇異に映ったり、不思議であることを、私たちは意識する必要があります。
opinion	0		実は日本語の「アオ」には緑色の意味も含まれるので、区別しなくても違和感がないのです。
opinion	0		信号を「緑」と呼ぶべきではないかとの意見もあり、政府が一九七〇年代に検討したことがありますが、結局、その中間を取って緑色の範囲内で、できる限り青色に近くしたそうです。
opinion	0		もともと色の区別が厳密でないこともありますが、深い青を見ていると確かに黒に通じる気もしてきます。
